Date,Open,High,Low,Close,Adj Close,Volume
2019-09-18,734975.875000,731490.687500,725478.500000,725961.000000,725961.000000,1151007367909
2019-09-19,726121.000000,735039.750000,703342.812500,732951.187500,732951.187500,1423413584969
2019-09-20,732944.312500,732415.812500,721472.437500,724993.937500,724993.937500,1049162707455
2019-09-21,725136.875000,725453.687500,712110.437500,713463.937500,713463.937500,955959548212
2019-09-22,713777.125000,717307.062500,706490.937500,717018.562500,717018.562500,939823886302
2019-09-23,716845.562500,713261.000000,688686.500000,688840.875000,688840.875000,1072268094473
2019-09-24,688840.687500,695793.750000,594059.875000,611785.250000,611785.250000,1774407362828
2019-09-25,610569.000000,620775.875000,591001.312500,602472.687500,602472.687500,1543609731518
2019-09-26,602520.750000,604371.375000,560365.062500,576215.687500,576215.687500,1366784641087
2019-09-27,575799.312500,584457.375000,562864.125000,583067.125000,583067.125000,1159439373107
2019-09-28,583026.750000,584211.562500,572917.062500,581412.250000,581412.250000,997080249356
2019-09-29,581420.875000,582515.000000,563392.562500,571408.500000,571408.500000,919043322053
2019-09-30,571411.375000,587364.750000,553209.500000,585926.187500,585926.187500,1209134791447
2019-10-01,586339.687500,604270.875000,585425.875000,593290.375000,593290.375000,1088362970086
2019-10-02,593356.937500,597178.312500,585413.625000,597178.312500,597178.312500,933915349557
2019-10-03,597016.937500,597643.812500,578623.250000,586688.812500,586688.812500,970866086298
2019-10-04,586653.500000,585018.437500,577311.312500,581185.625000,581185.625000,930601987448
2019-10-05,581483.812500,581862.562500,571635.125000,577328.000000,577328.000000,864097163869
2019-10-06,577213.000000,578038.187500,563691.750000,565767.312500,565767.312500,932125992848
2019-10-07,565835.625000,590651.875000,562024.875000,586185.437500,586185.437500,1280321606834
2019-10-08,586272.687500,593456.000000,582990.062500,586053.937500,586053.937500,1110481044368
2019-10-09,586129.250000,613596.875000,580995.250000,611323.437500,611323.437500,1378644479141
2019-10-10,610579.500000,612307.937500,601422.375000,609553.562500,609553.562500,1250748333453
2019-10-11,609467.625000,619682.500000,590864.687500,591260.812500,591260.812500,1392891277242
2019-10-12,590828.000000,597902.937500,590662.875000,592312.250000,592312.250000,1032544186002
2019-10-13,592336.875000,600796.375000,587010.437500,590159.000000,590159.000000,979338880447
2019-10-14,590146.687500,597777.187500,590219.500000,596671.250000,596671.250000,1079490885338
2019-10-15,596583.750000,601366.062500,585063.500000,586683.875000,586683.875000,1088259472717
2019-10-16,586634.187500,586387.000000,569850.312500,574306.125000,574306.125000,1146941789468
2019-10-17,574326.500000,578630.562500,569107.062500,576431.250000,576431.250000,1018087434748
2019-10-18,576219.437500,578563.875000,561768.812500,566819.312500,566819.312500,1112679544457
2019-10-19,566861.687500,574598.187500,564798.187500,567910.750000,567910.750000,980894323678
2019-10-20,568568.125000,588340.312500,564728.125000,584096.375000,584096.375000,1101421756333
2019-10-21,584312.125000,588397.375000,581285.750000,584640.562500,584640.562500,1125403735181
2019-10-22,584617.937500,587767.937500,572027.250000,572292.250000,572292.250000,1190418500869
2019-10-23,572152.312500,572377.437500,528267.875000,531475.187500,531475.187500,1551910223986
2019-10-24,531125.562500,534905.875000,528807.625000,532109.625000,532109.625000,1155234426523
2019-10-25,531911.812500,615708.687500,529882.062500,613524.062500,613524.062500,2033466839188
2019-10-26,614011.187500,709940.375000,613660.187500,654913.812500,654913.812500,3152114747324
2019-10-27,654682.500000,690656.625000,645532.437500,676643.437500,676643.437500,2308897196053
2019-10-28,677591.812500,693664.062500,654827.125000,654827.125000,654827.125000,2189437418275
2019-10-29,654281.875000,674645.750000,654544.812500,668372.062500,668372.062500,2015304965537
2019-10-30,668001.687500,667821.937500,643629.000000,652155.312500,652155.312500,1962795807297
2019-10-31,651923.750000,666016.750000,640858.375000,652986.562500,652986.562500,1886907810299
2019-11-01,652589.562500,655835.375000,645681.437500,654806.437500,654806.437500,1719877376669
2019-11-02,654713.000000,661320.125000,652300.437500,657598.750000,657598.750000,1498078318255
2019-11-03,657603.625000,661483.750000,644660.312500,651296.687500,651296.687500,1490288718622
2019-11-04,651314.437500,672853.187500,650656.187500,666309.500000,666309.500000,1852566487808
2019-11-05,666337.312500,669325.125000,655136.250000,661194.000000,661194.000000,1854141058838
2019-11-06,661076.312500,669144.062500,660812.562500,664716.062500,664716.062500,1642737868843
2019-11-07,664113.437500,665602.125000,653799.562500,658432.437500,658432.437500,1612794170576
2019-11-08,658276.625000,661861.750000,626371.312500,628466.000000,628466.000000,1736819241631
2019-11-09,628793.500000,634671.312500,627629.625000,629087.062500,629087.062500,1254709916759
2019-11-10,629009.062500,649746.312500,628501.875000,646299.125000,646299.125000,1469374006398
2019-11-11,646398.437500,649933.562500,622689.500000,626781.812500,626781.812500,1450372207207
2019-11-12,626922.312500,635611.937500,623526.812500,632876.312500,632876.312500,1458038161732
2019-11-13,632615.812500,637591.250000,632166.125000,635529.250000,635529.250000,1265952325435
2019-11-14,635794.312500,635238.062500,625566.437500,626685.000000,626685.000000,1373448522808
2019-11-15,626513.250000,625436.125000,607811.812500,608323.875000,608323.875000,1561417813307
2019-11-16,608264.687500,615620.812500,607164.375000,612666.187500,612666.187500,1181902746018
2019-11-17,612573.750000,625299.125000,609048.625000,614565.812500,614565.812500,1337507558335
2019-11-18,614279.562500,622561.062500,595243.000000,597812.375000,597812.375000,1552537046068
2019-11-19,597513.687500,604244.375000,582071.437500,589701.812500,589701.812500,1515089488093
2019-11-20,589519.812500,591254.250000,574980.125000,576182.875000,576182.875000,1490424109615
2019-11-21,575922.750000,581903.625000,545115.937500,548371.125000,548371.125000,1615408241539
2019-11-22,548429.937500,552615.125000,498004.187500,523840.281250,523840.281250,2458344880213
2019-11-23,523810.625000,534299.125000,513418.875000,531107.062500,531107.062500,1508285307150
2019-11-24,531167.187500,531889.312500,504658.812500,505996.156250,505996.156250,2184935358028
2019-11-25,505426.125000,524756.125000,474380.718750,512302.031250,512302.031250,3060078447275
2019-11-26,512232.125000,522945.531250,507110.625000,515668.875000,515668.875000,1509458026488
2019-11-27,515848.156250,542812.562500,496826.968750,536541.437500,536541.437500,1709102805582
2019-11-28,536908.812500,553143.937500,533397.562500,534040.500000,534040.500000,1363176843467
2019-11-29,534299.625000,558330.750000,535339.125000,556900.250000,556900.250000,1414249487734
2019-11-30,557102.187500,562271.625000,539292.250000,543151.250000,543151.250000,1231169108704
2019-12-01,543293.750000,543275.375000,523165.250000,532704.625000,532704.625000,1343240243626
2019-12-02,532686.250000,535458.562500,518164.500000,524510.562500,524510.562500,1223671798056
2019-12-03,524652.875000,532347.625000,518749.750000,525264.375000,525264.375000,1061808388848
2019-12-04,525262.875000,539020.000000,512650.000000,518448.718750,518448.718750,1548778836341
2019-12-05,518535.031250,552842.250000,516376.937500,531771.875000,531771.875000,1343374292192
2019-12-06,531932.812500,538078.250000,527039.875000,538078.250000,538078.250000,1290794134274
2019-12-07,538097.375000,541140.812500,536560.625000,538737.125000,538737.125000,1101789655656
2019-12-08,538387.812500,544293.375000,532992.375000,539284.250000,539284.250000,1098617282757
2019-12-09,539102.437500,540655.875000,522763.906250,525241.750000,525241.750000,1268377170982
2019-12-10,524974.562500,525859.812500,513253.187500,515525.187500,515525.187500,1292618917909
2019-12-11,515459.875000,518105.656250,509006.531250,510555.718750,510555.718750,1156622200614
2019-12-12,510507.031250,512805.968750,505615.031250,511147.218750,511147.218750,1335682007284
2019-12-13,511255.031250,515578.156250,510881.687500,513890.375000,513890.375000,1210609781432
2019-12-14,513835.093750,516658.000000,501698.156250,503639.625000,503639.625000,1211408063095
2019-12-15,503608.937500,507606.656250,489461.406250,505572.750000,505572.750000,1193271661998
2019-12-16,505668.968750,508462.750000,489497.000000,491538.843750,491538.843750,1433196355575
2019-12-17,491456.250000,494693.000000,467976.687500,471708.937500,471708.937500,1588612653669
2019-12-18,472219.218750,520073.250000,464342.875000,516652.312500,516652.312500,2260390156456
2019-12-19,516708.281250,523310.968750,501569.625000,513070.843750,513070.843750,1845229010376
2019-12-20,513483.468750,516034.625000,503819.875000,513254.250000,513254.250000,1609252942394
2019-12-21,513380.593750,513567.781250,505711.968750,511287.781250,511287.781250,1373112802877
2019-12-22,511289.906250,534532.625000,509586.906250,534074.437500,534074.437500,1644867129293
2019-12-23,533883.437500,545278.250000,521776.562500,523873.000000,523873.000000,1982199426546
2019-12-24,523785.000000,536995.125000,518026.593750,521803.625000,521803.625000,1638382876273
2019-12-25,522033.343750,524261.218750,514567.781250,518427.562500,518427.562500,1536330250666
2019-12-26,518402.187500,526791.875000,513393.312500,516144.125000,516144.125000,1624732045057
2019-12-27,516085.250000,525958.500000,513559.000000,520712.812500,520712.812500,1626929952511
2019-12-28,520637.281250,528495.000000,520485.406250,522705.718750,522705.718750,1526096610073
2019-12-29,522681.281250,536733.562500,520012.625000,530212.125000,530212.125000,1603301276070
2019-12-30,530042.187500,531692.937500,518960.843750,520151.000000,520151.000000,1631428819109
2019-12-31,520253.968750,523013.531250,511212.312500,512910.812500,512910.812500,1509295725753
2020-01-01,513003.000000,516711.406250,511056.875000,512853.968750,512853.968750,1322395074997
2020-01-02,513023.281250,514590.875000,494834.968750,498416.750000,498416.750000,1484238993887
2020-01-03,498342.437500,532015.625000,496227.031250,527076.250000,527076.250000,2017307990333
2020-01-04,527111.500000,532996.625000,524538.062500,531796.125000,531796.125000,1323579350948
2020-01-05,531781.437500,541420.625000,531089.437500,531863.187500,531863.187500,1415543274095
2020-01-06,531801.062500,558713.125000,531963.500000,557805.000000,557805.000000,1671160912507
2020-01-07,557766.437500,588557.562500,559052.187500,587512.375000,587512.375000,2070281271282
2020-01-08,587385.937500,599920.875000,568486.875000,577281.125000,577281.125000,2262906174516
2020-01-09,577455.000000,575428.375000,558348.937500,560959.562500,560959.562500,1711981944091
2020-01-10,560905.187500,579751.875000,548531.500000,579751.875000,579751.875000,2038477021654
2020-01-11,579442.125000,583178.812500,569787.375000,570347.625000,570347.625000,1810994405350
2020-01-12,570044.187500,581895.437500,568341.312500,581358.312500,581358.312500,1625280871582
2020-01-13,581165.125000,579820.625000,571468.437500,576030.000000,576030.000000,1590191721617
2020-01-14,575799.312500,629158.687500,576826.625000,625492.125000,625492.125000,3177269141934
2020-01-15,625320.625000,628744.687500,612270.937500,622867.000000,622867.000000,2836232877784
2020-01-16,623253.937500,627706.000000,611076.437500,619001.500000,619001.500000,2221902438919
2020-01-17,619102.500000,636418.125000,616468.687500,634351.875000,634351.875000,2584011354240
2020-01-18,634222.187500,640259.875000,627126.375000,635330.250000,635330.250000,2297395017167
2020-01-19,635233.375000,651116.000000,612445.437500,618567.375000,618567.375000,2431096034324
2020-01-20,618452.750000,621273.625000,608123.250000,615025.937500,615025.937500,1877005934605
2020-01-21,615121.750000,623231.187500,608199.000000,622532.812500,622532.812500,1715254273782
2020-01-22,622412.937500,625266.250000,614155.625000,617293.625000,617293.625000,1607091469955
2020-01-23,617277.562500,619705.562500,594446.625000,599645.062500,599645.062500,1838248044065
2020-01-24,599577.437500,607312.875000,589636.562500,602374.812500,602374.812500,1740193345513
2020-01-25,601995.750000,603303.375000,591732.000000,596840.937500,596840.937500,1401355746375
2020-01-26,596595.750000,613582.250000,593831.625000,613184.875000,613184.875000,1581864168398
2020-01-27,613219.000000,641458.562500,614277.687500,636606.562500,636606.562500,2046852328192
2020-01-28,636799.875000,666709.687500,634641.312500,666709.687500,666709.687500,2450580310745
2020-01-29,666629.937500,670772.625000,661005.750000,664368.875000,664368.875000,2187976071614
2020-01-30,664325.187500,683717.250000,660655.312500,680558.687500,680558.687500,2317350204337
2020-01-31,680510.000000,680792.437500,659991.250000,668553.500000,668553.500000,2104393582428
2020-02-01,668255.250000,674902.187500,665887.250000,671581.187500,671581.187500,1853444016821
2020-02-02,671362.812500,677009.562500,659065.187500,668112.750000,668112.750000,2204724355910
2020-02-03,668135.562500,680458.437500,659650.500000,662852.000000,662852.000000,2206346592799
2020-02-04,662803.562500,663546.312500,648012.000000,652858.250000,652858.250000,2125704294051
2020-02-05,653032.687500,690635.562500,652364.125000,684379.687500,684379.687500,2507458513652
2020-02-06,684692.687500,700524.812500,680217.625000,693764.062500,693764.062500,2683048017387
2020-02-07,693493.187500,703339.625000,695564.812500,700566.687500,700566.687500,2468926711893
2020-02-08,700361.250000,706345.625000,692196.937500,705513.875000,705513.875000,2515363881671
2020-02-09,705426.312500,724414.500000,704458.562500,723501.875000,723501.875000,2560829016702
2020-02-10,723422.187500,724824.125000,697644.312500,702781.312500,702781.312500,2808280571000
2020-02-11,702730.000000,727826.625000,693558.500000,727697.125000,727697.125000,2683752944404
2020-02-12,727280.187500,741127.937500,727492.500000,736310.687500,736310.687500,3097843960238
2020-02-13,736161.375000,745404.000000,721064.812500,728065.625000,728065.625000,3518026733355
2020-02-14,727864.000000,738300.375000,724248.062500,737593.687500,737593.687500,3099851686858
2020-02-15,737718.187500,739699.437500,706287.187500,707359.875000,707359.875000,3137531390392
2020-02-16,707342.375000,719139.875000,695422.500000,710589.750000,710589.750000,3102509594071
2020-02-17,710741.875000,710903.250000,678785.437500,691482.687500,691482.687500,3282410515761
2020-02-18,691560.312500,727619.875000,689702.625000,726014.750000,726014.750000,3383895918809
2020-02-19,726143.750000,730122.000000,688591.812500,689985.562500,689985.562500,3365775216511
2020-02-20,689694.625000,690410.437500,684231.187500,690676.437500,690676.437500,3229317556344
2020-02-21,690914.125000,697942.375000,689003.875000,696334.062500,696334.062500,2942394734316
2020-02-22,696425.000000,697181.562500,690172.375000,694662.000000,694662.000000,2576306033277
2020-02-23,694671.812500,714347.812500,694274.437500,713421.312500,713421.312500,2960586740983
2020-02-24,713210.562500,715378.750000,687787.687500,695287.375000,695287.375000,3248013719116
2020-02-25,695369.375000,695472.000000,668640.187500,671481.812500,671481.812500,3055996911238
2020-02-26,671236.312500,672421.437500,623430.187500,632196.000000,632196.000000,3613771726795
2020-02-27,632523.625000,640131.187500,614757.875000,629795.500000,629795.500000,3259940210164
2020-02-28,630099.125000,637712.875000,613249.062500,625934.437500,625934.437500,3219398385705
2020-02-29,625844.750000,633381.250000,620669.562500,620669.562500,620669.562500,2583315931864
2020-03-01,620687.562500,629856.562500,611409.750000,617995.125000,617995.125000,2551325933363
2020-03-02,618053.625000,645929.500000,615842.625000,642377.000000,642377.000000,3103924211388
2020-03-03,642066.875000,651223.125000,637684.062500,645247.625000,645247.625000,3112265802482
2020-03-04,645303.125000,650208.500000,639858.437500,643466.812500,643466.812500,2553709184527
2020-03-05,643837.125000,674889.312500,643614.375000,670517.500000,670517.500000,2931923641126
2020-03-06,670483.937500,678042.875000,667335.312500,675041.000000,675041.000000,3021067057513
2020-03-07,674971.062500,678126.937500,657962.187500,659383.812500,659383.812500,2680244797086
2020-03-08,659254.437500,659708.687500,599818.812500,600030.750000,600030.750000,2958158096970
2020-03-09,600255.000000,605200.062500,571518.875000,589784.625000,589784.625000,3493684877489
2020-03-10,589673.125000,600579.750000,577471.937500,587119.437500,587119.437500,3133435305103
2020-03-11,587146.187500,585056.687500,565759.187500,586831.125000,586831.125000,2869297784475
2020-03-12,586993.312500,588143.000000,361788.218750,370008.562500,370008.562500,4018114259958
2020-03-13,373510.281250,430809.062500,309974.406250,411486.187500,411486.187500,5484560705892
2020-03-14,412179.250000,416036.125000,379045.000000,384613.875000,384613.875000,2673951109815
2020-03-15,384665.687500,431477.593750,382315.031250,398630.218750,398630.218750,2513315070237
2020-03-16,398106.437500,398106.437500,339365.687500,372605.937500,372605.937500,3371116571879
2020-03-17,371721.562500,397345.531250,370185.750000,386826.687500,386826.687500,2859037281017
2020-03-18,386936.562500,399461.000000,376360.156250,392791.218750,392791.218750,2840247197207
2020-03-19,393314.437500,475737.875000,390219.625000,465331.312500,465331.312500,3833225202041
2020-03-20,465365.937500,514568.625000,443687.718750,468767.718750,468767.718750,4117119404610
2020-03-21,469353.312500,482331.156250,448655.531250,467730.812500,467730.812500,3213536323732
2020-03-22,467767.968750,480936.843750,439904.562500,440398.625000,440398.625000,3028999232746
2020-03-23,440483.218750,493379.843750,440036.406250,491303.625000,491303.625000,3559932500014
2020-03-24,492860.156250,516593.656250,488411.062500,511582.437500,511582.437500,3662984556575
2020-03-25,511879.656250,523761.906250,497116.906250,506731.906250,506731.906250,3381981322869
2020-03-26,506285.000000,510282.125000,496497.187500,501893.406250,501893.406250,2639310730541
2020-03-27,502113.718750,506582.343750,484200.750000,484432.593750,484432.593750,2589631263294
2020-03-28,484242.125000,484260.625000,458079.218750,467390.500000,467390.500000,2612066174564
2020-03-29,467647.375000,468010.000000,446353.156250,446500.718750,446500.718750,2139274122502
2020-03-30,446764.250000,491463.031250,445531.843750,484874.406250,484874.406250,2797835689929
2020-03-31,484932.062500,490440.468750,481058.000000,485055.250000,485055.250000,2469968431239
2020-04-01,484955.406250,506430.562500,475039.781250,505986.562500,505986.562500,3089971401987
2020-04-02,505986.562500,540461.000000,503136.656250,517483.968750,517483.968750,3630406736589
2020-04-03,517771.281250,534118.125000,510159.781250,514565.468750,514565.468750,2978584504685
2020-04-04,514947.218750,525689.625000,511745.343750,524816.437500,524816.437500,2536073247574
2020-04-05,524435.125000,526030.500000,513231.312500,517755.687500,517755.687500,2249873617919
2020-04-06,517520.906250,552472.875000,517127.500000,552472.875000,552472.875000,3562987919810
2020-04-07,552614.437500,560828.000000,539678.312500,542859.875000,542859.875000,3346798246409
2020-04-08,543076.875000,557804.000000,541362.187500,557164.125000,557164.125000,2853642504983
2020-04-09,557457.937500,557722.500000,547764.875000,554308.937500,554308.937500,2642852030110
2020-04-10,554439.937500,554439.937500,517736.437500,522989.250000,522989.250000,3323035346805
2020-04-11,523137.562500,527603.750000,517232.406250,522500.937500,522500.937500,2378389230086
2020-04-12,522423.625000,542372.625000,518844.062500,531033.312500,531033.312500,2724038524943
2020-04-13,530616.250000,530616.250000,508771.531250,521994.031250,521994.031250,2945060203318
2020-04-14,521860.125000,528885.125000,517808.093750,519791.875000,519791.875000,2591233233184
2020-04-15,520029.937500,526873.000000,507432.750000,508125.406250,508125.406250,2470075166840
2020-04-16,507998.718750,548413.812500,501604.906250,546993.312500,546993.312500,3595731939128
2020-04-17,null,null,null,null,null,null
2020-04-18,542560.312500,556158.937500,542327.437500,555218.625000,555218.625000,2482242358712
2020-04-19,555467.812500,556967.187500,548286.812500,550494.250000,550494.250000,2397499397498
2020-04-20,550298.937500,554054.375000,523975.468750,527109.187500,527109.187500,2891160922977
2020-04-21,526942.625000,532105.500000,525722.437500,529577.812500,529577.812500,2508429145106
2020-04-22,529509.812500,546419.250000,528578.875000,543825.812500,543825.812500,2540567846883
2020-04-23,544139.000000,569225.812500,539298.812500,564617.437500,564617.437500,3305815851640
2020-04-24,564956.187500,578047.500000,564956.187500,576269.687500,576269.687500,2643390413079
2020-04-25,576237.750000,583173.625000,573918.625000,577601.250000,577601.250000,2513505495484
2020-04-26,577616.750000,587412.875000,576950.562500,585831.812500,585831.812500,2522640989786
2020-04-27,585797.625000,593921.875000,585797.625000,593921.875000,593921.875000,2755078087712
2020-04-28,594026.250000,594383.875000,588210.750000,593896.187500,593896.187500,2524664530717
2020-04-29,593869.875000,667758.250000,591778.687500,662441.812500,662441.812500,4531248917812
2020-04-30,662188.312500,707954.437500,643129.312500,652947.562500,652947.562500,5049849053234
2020-05-01,654020.500000,684844.937500,653642.000000,672472.375000,672472.375000,3342983996778
2020-05-02,672797.812500,683024.062500,664460.750000,681614.250000,681614.250000,3043430828238
2020-05-03,681236.437500,691337.812500,667630.250000,672054.687500,672054.687500,3557750820810
2020-05-04,671924.500000,677503.125000,654676.875000,674153.187500,674153.187500,3458169567407
2020-05-05,674166.562500,684506.812500,670900.312500,683718.375000,683718.375000,3276815070336
2020-05-06,684050.312500,717596.687500,680948.687500,706511.875000,706511.875000,3763374549946
2020-05-07,705988.437500,756565.562500,695609.125000,753450.375000,753450.375000,4626970896226
2020-05-08,752287.750000,757394.250000,738056.437500,742885.062500,742885.062500,3908203739214
2020-05-09,742752.250000,748843.625000,723377.000000,724377.562500,724377.562500,3515928463491
2020-05-10,724171.625000,724504.750000,634124.437500,661405.187500,661405.187500,4783189168963
2020-05-11,661337.500000,685381.187500,636116.937500,653199.750000,653199.750000,4337544989759
2020-05-12,653852.062500,672719.062500,650758.187500,663584.687500,663584.687500,3176254477757
2020-05-13,663653.250000,702900.625000,663653.250000,699292.625000,699292.625000,3436733309707
2020-05-14,699393.812500,739127.375000,698492.375000,734847.187500,734847.187500,4259948658528
2020-05-15,734890.125000,736516.125000,702727.125000,707795.625000,707795.625000,3654145444192
2020-05-16,708178.250000,725703.187500,702673.687500,711499.687500,711499.687500,2744073980712
2020-05-17,711341.562500,745339.937500,709415.500000,733332.250000,733332.250000,3039589088530
2020-05-18,733708.062500,751174.437500,727210.437500,735426.312500,735426.312500,3162549922026
2020-05-19,735463.250000,744117.625000,721839.437500,736585.437500,736585.437500,2971942216781
2020-05-20,736304.687500,742369.875000,713875.875000,719366.000000,719366.000000,2760702947130
2020-05-21,719347.812500,721803.000000,670624.375000,686917.187500,686917.187500,2974512568234
2020-05-22,686809.250000,701472.312500,683291.750000,697830.812500,697830.812500,2265472549485
2020-05-23,698019.687500,706944.500000,692931.562500,699860.687500,699860.687500,2107181844772
2020-05-24,700088.312500,705873.125000,667787.187500,668024.062500,668024.062500,2471266521789
2020-05-25,667700.250000,679157.562500,661574.312500,675890.250000,675890.250000,2374258010573
2020-05-26,676091.437500,680399.812500,661631.062500,666958.125000,666958.125000,2233310272631
2020-05-27,667133.937500,698497.937500,666890.562500,696799.812500,696799.812500,2484865966578
2020-05-28,697097.812500,722656.250000,692675.375000,721099.187500,721099.187500,2601586919259
2020-05-29,721296.375000,724728.500000,709007.687500,712872.875000,712872.875000,2484459676437
2020-05-30,712857.000000,732879.437500,707405.375000,732606.312500,732606.312500,2471343796184
2020-05-31,732583.000000,732601.000000,712357.250000,714529.437500,714529.437500,2097527730099
2020-06-01,714721.750000,770001.875000,713482.375000,767767.000000,767767.000000,2657995735718
2020-06-02,767442.687500,763553.937500,709429.875000,715364.750000,715364.750000,2937878923652
2020-06-03,715661.750000,729389.937500,712922.250000,727420.750000,727420.750000,1883760640927
2020-06-04,727355.750000,745624.750000,719737.187500,739536.437500,739536.437500,1956007567122
2020-06-05,739504.687500,745899.250000,730684.625000,730371.125000,730371.125000,1776493333836
2020-06-06,730323.687500,738524.500000,724741.000000,729475.437500,729475.437500,1544418929326
2020-06-07,729424.375000,738194.187500,714700.437500,736968.500000,736968.500000,1889100462600
2020-06-08,737059.937500,738466.437500,730342.125000,736812.812500,736812.812500,1620163934552
2020-06-09,737029.250000,741707.875000,730532.062500,739674.750000,739674.750000,1790937723912
2020-06-10,739555.375000,749608.500000,735070.062500,746965.187500,746965.187500,1945463807353
2020-06-11,746964.000000,751236.437500,705290.562500,708222.812500,708222.812500,2298028235225
2020-06-12,708139.937500,724027.375000,705493.000000,720136.437500,720136.437500,1717430648890
2020-06-13,720128.250000,721075.875000,713692.687500,719713.625000,719713.625000,1334133230095
2020-06-14,719886.562500,720244.875000,710019.250000,712992.687500,712992.687500,1442555993737
2020-06-15,712935.562500,721046.750000,684210.750000,718047.812500,718047.812500,2028596843824
2020-06-16,718318.625000,726470.375000,714233.125000,728741.812500,728741.812500,1647690113206
2020-06-17,728417.812500,728927.000000,711676.000000,724133.625000,724133.625000,1541240975009
2020-06-18,724233.812500,724326.625000,712640.000000,719070.687500,719070.687500,1357645838650
2020-06-19,718952.562500,718565.437500,707185.937500,708232.312500,708232.312500,1497001184440
2020-06-20,708456.625000,716387.750000,705133.500000,711612.000000,711612.000000,1306242337463
2020-06-21,711504.125000,716855.625000,709179.687500,709423.625000,709423.625000,1168513976231
2020-06-22,709216.687500,731543.687500,708956.687500,731276.812500,731276.812500,1599473936264
2020-06-23,730925.000000,730299.750000,723541.937500,728123.000000,728123.000000,1285899786104
2020-06-24,728311.375000,732440.750000,702283.500000,705452.875000,705452.875000,1436241910945
2020-06-25,705492.000000,705446.875000,689129.875000,699862.625000,699862.625000,1406253576657
2020-06-26,699574.187500,705131.937500,688660.812500,692973.125000,692973.125000,1387128378290
2020-06-27,693344.187500,696368.312500,680517.125000,684084.812500,684084.812500,1306329488325
2020-06-28,684317.000000,695592.062500,678801.062500,691438.187500,691438.187500,1101093818614
2020-06-29,691169.500000,697373.937500,682942.500000,694011.062500,694011.062500,1242953193437
2020-06-30,693612.875000,695808.250000,686641.062500,690443.937500,690443.937500,1188957538042
2020-07-01,691047.750000,703142.562500,687681.062500,696325.687500,696325.687500,1205137468686
2020-07-02,696538.062500,692955.750000,675871.687500,683252.187500,683252.187500,1223621478854
2020-07-03,683359.437500,687875.687500,676505.812500,678634.875000,678634.875000,976730347665
2020-07-04,678405.562500,685803.437500,676120.062500,682009.187500,682009.187500,917849897427
2020-07-05,681531.437500,684226.812500,670295.000000,677638.000000,677638.000000,963620628770
2020-07-06,677556.375000,699483.062500,676498.687500,699483.062500,699483.062500,1334677680387
2020-07-07,697519.875000,698375.562500,688525.937500,693029.312500,693029.312500,1036640466392
2020-07-08,693084.937500,708260.500000,692829.625000,706560.625000,706560.625000,1476497627657
2020-07-09,706535.187500,706637.062500,693951.125000,697124.250000,697124.250000,1352529585977
2020-07-10,696777.812500,698034.312500,686015.687500,697383.125000,697383.125000,1267178358011
2020-07-11,697285.750000,698489.812500,691421.375000,694832.437500,694832.437500,996333640797
2020-07-12,694885.750000,700778.375000,691606.875000,697210.000000,697210.000000,1086221282035
2020-07-13,697263.000000,699493.187500,693621.250000,695231.125000,695231.125000,1317701673086
2020-07-14,694861.812500,699261.375000,691401.000000,696265.937500,696265.937500,1362296368753
2020-07-15,696166.750000,698685.687500,688936.375000,690849.562500,690849.562500,1190745045898
2020-07-16,690785.125000,692463.437500,684093.187500,686567.750000,686567.750000,1181387863829
2020-07-17,686536.500000,688381.187500,683085.375000,685416.750000,685416.750000,1044414045493
2020-07-18,685401.187500,691377.937500,681629.375000,685989.562500,685989.562500,917689709062
2020-07-19,685912.125000,689162.125000,681390.312500,687995.062500,687995.062500,969099478575
2020-07-20,688100.187500,690701.750000,683883.625000,685029.500000,685029.500000,1028236183087
2020-07-21,684901.125000,701946.875000,683920.125000,698836.937500,698836.937500,1346969882504
2020-07-22,698851.312500,711032.500000,697086.812500,710687.812500,710687.812500,1233472363541
2020-07-23,710820.562500,719008.000000,710468.437500,717179.625000,717179.625000,1358326921594
2020-07-24,717512.187500,719101.000000,709836.687500,712641.437500,712641.437500,1236900647229
2020-07-25,712835.187500,725170.125000,712142.250000,723119.375000,723119.375000,1241182567432
2020-07-26,723352.625000,749026.000000,721306.125000,740510.875000,740510.875000,1533179194456
2020-07-27,740514.687500,844274.750000,740086.625000,822141.937500,822141.937500,2644988510540
2020-07-28,824131.000000,838111.187500,796006.500000,817375.875000,817375.875000,2154629063795
2020-07-29,817385.625000,845689.875000,813217.812500,830489.312500,830489.312500,1841756769466
2020-07-30,830441.750000,836322.375000,815859.187500,830777.687500,830777.687500,1709020425459
2020-07-31,830702.687500,855488.187500,821144.875000,848466.187500,848466.187500,1735411683549
2020-08-01,848399.062500,883781.312500,842188.312500,881145.125000,881145.125000,1953847368222
2020-08-02,881083.062500,901717.187500,825587.375000,828115.312500,828115.312500,2053509041874
2020-08-03,827377.750000,861675.750000,825028.625000,845338.062500,845338.062500,1523734612035
2020-08-04,845327.125000,855775.937500,834275.437500,841131.125000,841131.125000,1595071601533
2020-08-05,840975.750000,882705.062500,837241.187500,878648.375000,878648.375000,1825901733931
2020-08-06,878861.437500,892378.250000,867960.875000,882346.750000,882346.750000,1752798336898
2020-08-07,882280.875000,892382.750000,855681.062500,870409.250000,870409.250000,1735519260887
2020-08-08,870640.375000,885308.812500,867180.062500,881853.250000,881853.250000,1318352530713
2020-08-09,880598.750000,885755.375000,865821.062500,875972.812500,875972.812500,1312158602302
2020-08-10,874961.312500,902903.812500,874961.312500,889387.312500,889387.312500,1955324392663
2020-08-11,889652.125000,893479.062500,836220.375000,851413.500000,851413.500000,2017613941351
2020-08-12,850971.125000,877887.687500,841526.750000,866195.562500,866195.562500,1874054634565
2020-08-13,866455.062500,882652.937500,839458.812500,881735.687500,881735.687500,2059319651549
2020-08-14,880876.875000,909529.187500,874945.562500,880955.250000,880955.250000,1814325118797
2020-08-15,880942.312500,895502.000000,880942.312500,888203.312500,888203.312500,1748225859510
2020-08-16,888277.187500,893383.437500,878583.750000,890807.187500,890807.187500,1541757377092
2020-08-17,891020.937500,923830.750000,883527.062500,915978.562500,915978.562500,2109932099421
2020-08-18,915791.250000,922063.250000,892194.375000,894266.000000,894266.000000,1942216674956
2020-08-19,894240.000000,897081.625000,876323.250000,881539.687500,881539.687500,1837022853393
2020-08-20,881780.812500,892342.187500,878565.062500,890749.000000,890749.000000,1512924319465
2020-08-21,890723.125000,892505.750000,866555.812500,868617.062500,868617.062500,1780501946403
2020-08-22,868091.750000,875879.125000,857851.000000,875311.000000,875311.000000,1515384497622
2020-08-23,875151.437500,877679.125000,866176.812500,873954.312500,873954.312500,1384714041033
2020-08-24,873867.562500,875105.500000,870837.750000,873601.437500,873601.437500,1534438912741
2020-08-25,873526.750000,873591.062500,830927.562500,843803.687500,843803.687500,1952582014930
2020-08-26,843860.062500,856043.687500,838498.437500,853137.937500,853137.937500,1668397832707
2020-08-27,852933.312500,855094.437500,826108.625000,835375.125000,835375.125000,1714544191919
2020-08-28,835515.187500,844313.562500,837245.687500,844085.687500,844085.687500,1448465529783
2020-08-29,843980.000000,847240.500000,838512.812500,841479.812500,841479.812500,1278695535729
2020-08-30,841615.000000,856720.312500,840420.625000,856445.437500,856445.437500,1445029504408
2020-08-31,856577.125000,863236.437500,853660.750000,857813.750000,857813.750000,1636629541661
2020-09-01,857703.312500,881649.312500,852007.750000,874639.187500,874639.187500,1995555661744
2020-09-02,874225.937500,874225.937500,827301.812500,836109.375000,836109.375000,2053817012968
2020-09-03,835608.125000,838189.375000,747916.312500,752531.375000,752531.375000,2345102059364
2020-09-04,751434.625000,780135.062500,748254.312500,769950.437500,769950.437500,2194831932382
2020-09-05,770002.875000,775059.875000,728556.187500,744882.125000,744882.125000,3289967724658
2020-09-06,744710.000000,758517.000000,736628.687500,753452.625000,753452.625000,2716987594276
2020-09-07,753499.937500,764267.625000,728510.750000,761595.187500,761595.187500,2475332488446
2020-09-08,761576.312500,768096.375000,734651.812500,747574.687500,747574.687500,2466769382478
2020-09-09,747769.125000,759233.000000,738947.562500,751046.250000,751046.250000,1769268593396
2020-09-10,751045.000000,770357.437500,750737.437500,762048.750000,762048.750000,4000753318586
2020-09-11,762481.812500,766641.250000,745097.875000,764222.812500,764222.812500,3321220224084
2020-09-12,764880.187500,777296.000000,756248.562500,767254.125000,767254.125000,2700267056463
2020-09-13,768005.687500,777176.750000,751248.000000,758577.687500,758577.687500,2682481414050
2020-09-14,758943.437500,792928.187500,754339.687500,783969.750000,783969.750000,2602280505622
2020-09-15,783743.500000,805171.375000,784334.625000,794767.375000,794767.375000,2393032232039
2020-09-16,794827.062500,815449.000000,787992.437500,807217.437500,807217.437500,2263169427714
2020-09-17,807095.875000,812299.562500,793557.125000,805666.625000,805666.625000,2807349510546
2020-09-18,805874.875000,810188.437500,796956.625000,805632.625000,805632.625000,1939031498276
2020-09-19,804835.187500,819582.250000,803058.625000,816656.500000,816656.500000,1675676471628
2020-09-20,816768.625000,816768.625000,796055.250000,804346.375000,804346.375000,1816280864904
2020-09-21,804100.375000,806349.187500,764050.500000,769813.625000,769813.625000,2125359717484
2020-09-22,769619.687500,776882.562500,764245.687500,774611.125000,774611.125000,1736278221617
2020-09-23,774684.312500,782580.750000,750730.500000,754483.687500,754483.687500,1696004909064
2020-09-24,754602.875000,795888.312500,753411.250000,794391.562500,794391.562500,1701628947465
2020-09-25,794533.812500,792858.250000,781079.562500,788753.437500,788753.437500,1564828305535
2020-09-26,788749.562500,794370.000000,787264.125000,792596.687500,792596.687500,1334330341344
2020-09-27,792486.312500,796303.375000,784417.562500,794070.375000,794070.375000,1327835910132
2020-09-28,793865.125000,807396.062500,790289.000000,790859.250000,790859.250000,1675968888906
2020-09-29,790205.375000,800548.187500,786830.437500,799846.312500,799846.312500,1508434608621
2020-09-30,799594.250000,800413.812500,788336.562500,793269.062500,793269.062500,1526561856163
2020-10-01,793077.375000,799047.437500,768765.125000,778205.125000,778205.125000,1990923412783
2020-10-02,778282.812500,781770.750000,766867.000000,776131.750000,776131.750000,1695793306888
2020-10-03,776032.187500,778252.812500,771938.750000,774689.437500,774689.437500,1253377279950
2020-10-04,774867.375000,784609.812500,772185.437500,783410.687500,783410.687500,1286577364029
2020-10-05,783675.000000,789945.875000,780011.750000,789945.875000,789945.875000,1417368650433
2020-10-06,789637.125000,789906.062500,777761.187500,781949.875000,781949.875000,1639110634555
2020-10-07,781813.000000,783910.625000,778694.687500,783190.812500,783190.812500,1293277839725
2020-10-08,783079.937500,802138.375000,774026.000000,800505.312500,800505.312500,1609428151229
2020-10-09,null,null,null,null,null,null
2020-10-10,806888.312500,834837.437500,806727.625000,824196.062500,824196.062500,1669204771338
2020-10-11,824175.687500,833859.937500,823631.812500,831216.687500,831216.687500,1458010383089
2020-10-12,null,null,null,null,null,null
2020-10-13,null,null,null,null,null,null
2020-10-14,839104.125000,845284.312500,828964.625000,837731.937500,837731.937500,1766673797757
2020-10-15,837519.062500,848900.812500,830131.000000,843431.062500,843431.062500,1796665020298
2020-10-16,843979.750000,846780.875000,823297.937500,831547.750000,831547.750000,1882785323890
2020-10-17,831547.750000,836258.375000,828846.687500,834190.187500,834190.187500,1405025070206
2020-10-18,834034.562500,843384.500000,833417.375000,843384.500000,843384.500000,1342800743994
2020-10-19,844242.187500,865449.437500,837054.750000,861833.812500,861833.812500,1751316088616
2020-10-20,862122.875000,881448.000000,856953.375000,875624.812500,875624.812500,2271727094031
2020-10-21,875385.437500,971858.125000,874730.875000,945436.750000,945436.750000,3200784420125
2020-10-22,943810.812500,969913.375000,937535.937500,955938.875000,955938.875000,2560527931838
2020-10-23,956355.937500,958655.437500,941559.187500,954789.187500,954789.187500,2139342650611
2020-10-24,954791.750000,970554.812500,951408.125000,967822.687500,967822.687500,1812061184126
2020-10-25,967822.687500,984149.000000,953203.375000,962171.187500,962171.187500,1802111974712
2020-10-26,962173.187500,978685.312500,948453.000000,966898.375000,966898.375000,2178638339511
2020-10-27,966898.000000,1015658.937500,965728.062500,1007752.875000,1007752.875000,2490917891024
2020-10-28,1007752.562500,1019734.375000,957976.625000,984616.562500,984616.562500,2661050189792
2020-10-29,984617.562500,1012870.437500,966485.500000,998199.562500,998199.562500,4196924078909
2020-10-30,998198.812500,1016995.625000,980091.750000,1010758.250000,1010758.250000,2281802563611
2020-10-31,1010759.062500,1046699.187500,1004118.187500,1028253.187500,1028253.187500,2261282224700
2020-11-01,1028253.187500,1034299.812500,1016865.875000,1025276.062500,1025276.062500,1825125862394
2020-11-02,1025270.250000,1031586.062500,986205.625000,1008973.500000,1008973.500000,2291251805569
2020-11-03,1008970.625000,1044144.625000,991763.875000,1041555.250000,1041555.250000,2230145847154
2020-11-04,1041569.250000,1056543.875000,1016294.625000,1048590.375000,1048590.375000,2605309453786
2020-11-05,1048592.375000,1164434.250000,1046237.500000,1155050.875000,1155050.875000,3028985122086
2020-11-06,1155042.000000,1176536.375000,1126938.375000,1151581.750000,1151581.750000,2947249362565
2020-11-07,1151581.750000,1164248.375000,1067045.125000,1097418.250000,1097418.250000,2591186353838
2020-11-08,1097418.125000,1156867.000000,1090786.250000,1145147.375000,1145147.375000,1970187619852
2020-11-09,1145149.500000,1167243.875000,1101734.750000,1133938.250000,1133938.250000,2525579799538
2020-11-10,1133940.750000,1145966.250000,1124124.875000,1135889.250000,1135889.250000,1899841952446
2020-11-11,1135889.750000,1185911.125000,1135822.750000,1170436.875000,1170436.875000,2219344622849
2020-11-12,1170433.750000,1217627.500000,1159283.125000,1218894.750000,1218894.750000,2559337102991
2020-11-13,1218901.875000,1229186.250000,1191920.875000,1216295.125000,1216295.125000,2355359787581
2020-11-14,1216295.125000,1216295.125000,1173911.750000,1197685.375000,1197685.375000,2048428961902
2020-11-15,1197685.375000,1201782.750000,1177216.875000,1189296.000000,1189296.000000,1763109616493
2020-11-16,1189295.250000,1249956.125000,1184542.625000,1243985.500000,1243985.500000,2346170051383
2020-11-17,1241721.625000,1323503.750000,1232982.750000,1315554.250000,1315554.250000,2908157863245
2020-11-18,1315538.125000,1370303.875000,1285986.750000,1321773.875000,1321773.875000,3642583038828
2020-11-19,1321763.125000,1343927.625000,1290906.875000,1320301.625000,1320301.625000,2740707255507
2020-11-20,1320301.125000,1391527.125000,1316624.000000,1381006.000000,1381006.000000,2743489562504
2020-11-21,1381006.125000,1404390.000000,1367882.500000,1382557.375000,1382557.375000,2940564699111
2020-11-22,1382557.375000,1386023.500000,1310556.750000,1362157.375000,1362157.375000,3060992950047
2020-11-23,1362158.500000,1385646.625000,1334219.875000,1363430.500000,1363430.500000,3173281998430
2020-11-24,1363496.875000,1432885.500000,1340972.125000,1413212.875000,1413212.875000,3806755938476
2020-11-25,1412987.000000,1432784.125000,1371111.125000,1382251.625000,1382251.625000,3225406940101
2020-11-26,1382083.375000,1392131.875000,1206936.125000,1266291.375000,1266291.375000,4533146341225
2020-11-27,1266534.250000,1288080.625000,1223648.750000,1264934.500000,1264934.500000,2875129367005
2020-11-28,1265269.625000,1320521.125000,1250753.250000,1310423.375000,1310423.375000,2411252845209
2020-11-29,1310587.625000,1352301.875000,1298715.375000,1344213.625000,1344213.625000,2302336869178
2020-11-30,1344275.625000,1460409.875000,1344275.625000,1452322.500000,1452322.500000,3531933561567
2020-12-01,1452909.750000,1461725.750000,1349377.375000,1385217.000000,1385217.000000,3656511984757
2020-12-02,1385124.625000,1423786.750000,1347150.000000,1414407.125000,1414407.125000,2754084326172
2020-12-03,1414763.250000,1444759.000000,1397163.375000,1437778.250000,1437778.250000,2360903848929
2020-12-04,1437894.250000,1441099.750000,1379825.750000,1380015.625000,1380015.625000,2499733123696
2020-12-05,1379913.750000,1414013.375000,1371929.375000,1413554.500000,1413554.500000,2010453682155
2020-12-06,1413550.750000,1431076.625000,1394637.125000,1427727.500000,1427727.500000,1866755921934
2020-12-07,1427580.500000,1432650.625000,1397255.875000,1416537.000000,1416537.000000,1985223984237
2020-12-08,1416529.500000,1422506.500000,1346952.625000,1350741.875000,1350741.875000,2336540800241
2020-12-09,1350722.750000,1374761.000000,1319207.500000,1369604.500000,1369604.500000,2540827506917
2020-12-10,1369559.125000,1369559.125000,1323462.625000,1347820.250000,1347820.250000,1885187932868
2020-12-11,1347741.875000,1348075.625000,1300480.000000,1331632.875000,1331632.875000,2058746862869
2020-12-12,1331073.625000,1395095.500000,1330684.375000,1386549.750000,1386549.750000,1603998328936
2020-12-13,1386779.000000,1429161.500000,1381437.875000,1411568.625000,1411568.625000,1876730027987
2020-12-14,1411724.250000,1421642.250000,1401962.000000,1417556.750000,1417556.750000,1655258315734
2020-12-15,1417577.125000,1434595.250000,1405073.000000,1427655.250000,1427655.250000,1966224483302
2020-12-16,1427783.250000,1579503.500000,1423360.875000,1568584.750000,1568584.750000,3268763259634
2020-12-17,1568419.375000,1737833.625000,1563722.750000,1676864.375000,1676864.375000,5248471710418
2020-12-18,1676984.625000,1708066.250000,1646619.375000,1703118.125000,1703118.125000,2972835919879
2020-12-19,1702743.125000,1772890.000000,1680190.375000,1756989.125000,1756989.125000,2832956689836
2020-12-20,1756395.375000,1782002.875000,1703835.875000,1727846.000000,1727846.000000,2785201621724
2020-12-21,1727637.000000,1773343.250000,1640704.250000,1685955.875000,1685955.875000,3390140629224
2020-12-22,1685287.375000,1763343.250000,1657446.625000,1762833.750000,1762833.750000,3274067671735
2020-12-23,1762755.625000,1772905.250000,1683869.250000,1716141.375000,1716141.375000,3776633515645
2020-12-24,1716057.000000,1748355.125000,1678788.625000,1745972.625000,1745972.625000,3021824849377
2020-12-25,1745797.625000,1817651.625000,1726106.125000,1814318.625000,1814318.625000,3094511275497
2020-12-26,1815217.875000,1965356.000000,1803865.750000,1944683.375000,1944683.375000,3555303667369
2020-12-27,1944855.250000,2089131.000000,1914396.625000,1936930.750000,1936930.750000,4901245194984
2020-12-28,1937559.500000,2013748.875000,1932164.125000,1991956.250000,1991956.250000,3607885465491
2020-12-29,1991735.750000,2010052.250000,1907740.500000,2009443.875000,2009443.875000,3324242771985
2020-12-30,2009271.625000,2117999.500000,2009271.625000,2110859.250000,2110859.250000,3753709980901
2020-12-31,2110904.750000,2140422.250000,2058085.375000,2118790.250000,2118790.250000,3415796168900
2021-01-01,2118227.000000,2163227.250000,2104315.000000,2147022.750000,2147022.750000,2977069369481
2021-01-02,2147191.250000,2423382.250000,2126340.000000,2348254.250000,2348254.250000,4960436300944
2021-01-03,2348410.750000,2529617.250000,2342776.000000,2395940.250000,2395940.250000,5749407146511
2021-01-04,2398054.250000,2437574.750000,2097177.500000,2336819.000000,2336819.000000,5932217878548
2021-01-05,2337193.750000,2518591.250000,2209558.750000,2487166.500000,2487166.500000,4942319614003
2021-01-06,2488716.750000,2697471.500000,2454056.750000,2693424.250000,2693424.250000,5506853873887
2021-01-07,2694120.000000,2951202.000000,2671167.000000,2891625.750000,2891625.750000,6225397405318
2021-01-08,2892413.250000,3074446.000000,2704389.000000,2993704.250000,2993704.250000,6465276914895
2021-01-09,2993046.000000,3038962.000000,2860393.250000,2953814.250000,2953814.250000,4548298694325
2021-01-10,2953790.000000,3039347.250000,2640494.250000,2813688.500000,2813688.500000,5867095800818
2021-01-11,2812961.500000,2812961.500000,2245556.000000,2614815.750000,2614815.750000,9066373101192
2021-01-12,2611118.250000,2680655.750000,2397142.750000,2481337.500000,2481337.500000,5469385028831
2021-01-13,2480764.000000,2751168.500000,2383596.250000,2730439.750000,2730439.750000,5075390260328
2021-01-14,2731080.000000,2920723.250000,2697886.500000,2864221.750000,2864221.750000,4649725155669
2021-01-15,2861983.750000,2891636.500000,2536069.750000,2694199.000000,2694199.000000,4957478687690
2021-01-16,2693927.000000,2770214.000000,2605899.750000,2645725.500000,2645725.500000,4220082430105
2021-01-17,2644665.750000,2686699.000000,2492596.750000,2617995.750000,2617995.750000,3829924063089
2021-01-18,2618066.000000,2734263.250000,2555848.500000,2680935.250000,2680935.250000,3623734467416
2021-01-19,2681825.000000,2762476.000000,2640030.250000,2640030.250000,2640030.250000,4189831295290
2021-01-20,2638588.750000,2662615.250000,2448464.500000,2591756.250000,2591756.250000,4872851852967
2021-01-21,2591876.250000,2592080.250000,2207020.750000,2248893.500000,2248893.500000,5518551349620
2021-01-22,2248304.500000,2467827.250000,2112309.250000,2409401.000000,2409401.000000,5636084568950
2021-01-23,2407940.500000,2435331.500000,2298981.750000,2340918.750000,2340918.750000,3529866859354
2021-01-24,2340680.250000,2404893.000000,2270769.500000,2356991.000000,2356991.000000,3550798540158
2021-01-25,2356729.750000,2538292.500000,2340924.500000,2361793.500000,2361793.500000,4370720855214
2021-01-26,2361225.750000,2391150.750000,2262643.250000,2374998.500000,2374998.500000,4393834492447
2021-01-27,2374574.000000,2374574.000000,2145692.750000,2222773.500000,2222773.500000,4570566022713
2021-01-28,2223394.000000,2331062.750000,2194028.500000,2308492.250000,2308492.250000,5758403962391
2021-01-29,2503171.250000,2798397.500000,2340426.750000,2501913.500000,2501913.500000,8595369071680
2021-01-30,2500422.250000,2539702.750000,2401578.500000,2498482.750000,2498482.750000,4749285084927
2021-01-31,2498581.500000,2499854.000000,2352716.750000,2414384.500000,2414384.500000,3846360241705
2021-02-01,2414400.500000,2530964.000000,2361031.750000,2452240.000000,2452240.000000,4489600366300
2021-02-02,2451949.250000,2617681.500000,2448733.250000,2589344.750000,2589344.750000,4600303251342
2021-02-03,2589383.500000,2729425.250000,2585644.000000,2730151.000000,2730151.000000,4456507573788
2021-02-04,2730370.750000,2814054.750000,2649159.750000,2695098.250000,2695098.250000,5024239240167
2021-02-05,2695498.500000,2785829.250000,2675466.750000,2776459.250000,2776459.250000,4265253636706
2021-02-06,2776028.500000,2973150.750000,2776028.500000,2858106.250000,2858106.250000,5191700735343
2021-02-07,2856954.750000,2884006.000000,2725642.000000,2831977.750000,2831977.750000,4768122185042
2021-02-08,2830768.500000,3369659.750000,2773193.750000,3369115.000000,3369115.000000,7400019872088
2021-02-09,3368278.500000,3498895.500000,3293362.000000,3386420.250000,3386420.250000,6688884157796
2021-02-10,3385593.750000,3435026.250000,3196202.750000,3270382.750000,3270382.750000,6356178293089
2021-02-11,3268965.000000,3524534.750000,3218205.500000,3483475.500000,3483475.500000,5917767430465
2021-02-12,3481127.250000,3546137.500000,3373314.500000,3448422.250000,3448422.250000,5557203167694
2021-02-13,3447431.500000,3487831.500000,3367664.500000,3419439.000000,3419439.000000,5099554375276
2021-02-14,3420091.750000,3592359.750000,3420091.750000,3536634.000000,3536634.000000,5172300926880
2021-02-15,3535127.250000,3548124.500000,3363142.000000,3482678.500000,3482678.500000,5598276842607
2021-02-16,3482635.000000,3660943.500000,3427775.250000,3588405.000000,3588405.000000,5619630590149
2021-02-17,3588945.000000,3821847.500000,3579116.000000,3796127.000000,3796127.000000,5883238497441
2021-02-18,3795542.000000,3819792.250000,3702869.500000,3752245.000000,3752245.000000,3779466728671
2021-02-19,3751968.000000,4071219.250000,3697975.000000,4054759.500000,4054759.500000,4606684020310
2021-02-20,4054701.750000,4172082.000000,3963230.750000,4071170.250000,4071170.250000,4945350106812
2021-02-21,4068924.000000,4232134.000000,4040189.000000,4175234.250000,4175234.250000,3765811415421
2021-02-22,4174711.500000,4174758.750000,3551176.750000,3927762.000000,3927762.000000,6669948080246
2021-02-23,3927589.000000,3927589.000000,3283611.250000,3534027.000000,3534027.000000,7679948514183
2021-02-24,3534798.750000,3712092.750000,3417438.250000,3598459.750000,3598459.750000,4611291412102
2021-02-25,3598731.250000,3773175.500000,3444981.250000,3444981.250000,3444981.250000,3987231608369
2021-02-26,3451317.000000,3578067.250000,3252707.500000,3410439.500000,3410439.500000,25829977008274
2021-02-27,3410808.500000,3551267.000000,3331637.250000,3399303.750000,3399303.750000,3378880374294
2021-02-28,3399713.250000,3438161.250000,3182427.500000,3326373.500000,3326373.500000,3938482885801
2021-03-01,3327975.250000,3649731.000000,3324702.500000,3638530.750000,3638530.750000,3950841269911
2021-03-02,3637128.000000,3674925.500000,3460037.000000,3545103.500000,3545103.500000,3482957240411
2021-03-03,3547802.000000,3825755.500000,3537433.500000,3689294.500000,3689294.500000,3885122041627
2021-03-04,3688131.000000,3775394.250000,3487875.000000,3551448.000000,3551448.000000,3828086412461
2021-03-05,3548951.500000,3613869.750000,3403796.000000,3580544.250000,3580544.250000,3558489239024
2021-03-06,3578489.750000,3596637.750000,3458348.250000,3579452.000000,3579452.000000,2514756589065
2021-03-07,3579913.000000,3760474.750000,3579913.000000,3747472.000000,3747472.000000,3156939387731
2021-03-08,3745088.000000,3837072.250000,3619412.500000,3831271.250000,3831271.250000,3563680695516
2021-03-09,3833210.500000,3989882.750000,3812786.500000,3989882.750000,3989882.750000,3705190805773
2021-03-10,3989875.000000,4164058.000000,3889622.000000,4072166.000000,4072166.000000,4165740803027
2021-03-11,4068867.250000,4219685.500000,3960319.250000,4198921.000000,4198921.000000,4123900459471
2021-03-12,4200090.000000,4212831.000000,4026679.750000,4167426.500000,4167426.500000,4048060312950
2021-03-13,4168246.500000,4483754.000000,4086442.250000,4451714.000000,4451714.000000,4410044426824
2021-03-14,4450118.500000,4477506.500000,4310706.500000,4310706.500000,4310706.500000,3191195802876
2021-03-15,4308170.500000,4402540.000000,4017405.250000,4054141.250000,4054141.250000,4816437138205
2021-03-16,4049325.250000,4121218.250000,3886201.750000,4119249.750000,4119249.750000,4332801099232
2021-03-17,4120767.250000,4263208.000000,3958972.000000,4272263.500000,4272263.500000,4372948680681
2021-03-18,4273873.500000,4366282.500000,3941986.500000,4204622.000000,4204622.000000,4051078624517
2021-03-19,4204006.000000,4311526.000000,4116323.500000,4226751.000000,4226751.000000,3554287597963
2021-03-20,4225708.500000,4348789.500000,4217090.500000,4224360.000000,4224360.000000,3648307051250
2021-03-21,4224089.500000,4257267.000000,4057161.750000,4165414.750000,4165414.750000,3761352557275
2021-03-22,4165014.250000,4231253.500000,3929445.000000,3946860.500000,3946860.500000,4091065302129
2021-03-23,3945595.000000,4061500.000000,3868578.000000,3974729.000000,3974729.000000,4097885352185
2021-03-24,3972662.750000,4158823.500000,3815234.250000,3833831.500000,3833831.500000,5126416165813
2021-03-25,3830379.500000,3876474.000000,3695673.250000,3754396.750000,3754396.750000,4937673673815
2021-03-26,3752861.000000,3994554.750000,3745370.500000,3994554.750000,3994554.750000,4104304107841
2021-03-27,3994573.000000,4098219.750000,3929757.500000,4055135.000000,4055135.000000,3424337808198
2021-03-28,4055238.500000,4101269.500000,3989758.500000,4053488.750000,4053488.750000,3454770995980
2021-03-29,4053282.500000,4238953.500000,4002151.500000,4200873.500000,4200873.500000,4191808749605
2021-03-30,4200868.500000,4367168.500000,4167999.000000,4327242.000000,4327242.000000,3996474545870
2021-03-31,4328166.500000,4399296.000000,4242098.000000,4313079.000000,4313079.000000,4796369724151
2021-04-01,4313645.000000,4372515.000000,4296275.500000,4330986.500000,4330986.500000,4519581493210
2021-04-02,4331211.500000,4416861.500000,4314397.000000,4357392.500000,4357392.500000,4309224310042
2021-04-03,4358353.000000,4410660.000000,4226751.500000,4226751.500000,4226751.500000,4376252239033
2021-04-04,4226821.500000,4322864.000000,4194817.500000,4311483.000000,4311483.000000,3723820363477
2021-04-05,4311653.000000,4385289.000000,4235815.000000,4327746.500000,4327746.500000,4448540383286
2021-04-06,4336104.500000,4357601.500000,4236046.000000,4276035.500000,4276035.500000,4854013257480
2021-04-07,4275605.500000,4339996.500000,4137898.500000,4170133.500000,4170133.500000,5628135401372
2021-04-08,4173926.000000,4348846.000000,4157496.000000,4347744.000000,4347744.000000,3954885821727
2021-04-09,4347938.500000,4402753.500000,4327570.500000,4352631.500000,4352631.500000,3486529831369
2021-04-10,4353287.500000,4579187.000000,4337215.000000,4468330.500000,4468330.500000,4352143430813
2021-04-11,4472291.000000,4542860.000000,4430708.500000,4499101.500000,4499101.500000,3458511242469
2021-04-12,4496932.500000,4587947.000000,4473311.500000,4491485.500000,4491485.500000,3886698708052
2021-04-13,4491228.000000,4798035.000000,4489723.500000,4774301.000000,4774301.000000,5261478709934
2021-04-14,4775827.000000,4874119.000000,4619650.000000,4734890.500000,4734890.500000,5810924485825
2021-04-15,4732302.000000,4769128.500000,4671974.000000,4731307.500000,4731307.500000,4554978119306
2021-04-16,4727160.000000,4750986.000000,4480725.000000,4591076.500000,4591076.500000,6285173233040
2021-04-17,4587880.000000,4665594.000000,4500174.000000,4524215.500000,4524215.500000,4930902439372
2021-04-18,4525562.500000,4552071.500000,3938648.000000,4191673.000000,4191673.000000,7267615810350
2021-04-19,4189838.500000,4303363.500000,4071117.500000,4172547.000000,4172547.000000,4892922610619
2021-04-20,4169366.750000,4305217.000000,3994477.500000,4260859.500000,4260859.500000,5119194582387
2021-04-21,4260716.000000,4282363.500000,4050096.500000,4066144.750000,4066144.750000,4143123111620
2021-04-22,4062450.250000,4158152.500000,3798290.000000,3886924.750000,3886924.750000,5616767412951
2021-04-23,3885237.750000,3913857.750000,3576298.500000,3825294.750000,3825294.750000,6488735785544
2021-04-24,3829006.500000,3830828.500000,3654017.500000,3747273.500000,3747273.500000,3669680914080
2021-04-25,3747420.500000,3781350.250000,3532815.750000,3668868.000000,3668868.000000,3452712757206
2021-04-26,3674374.000000,4058248.500000,3657532.750000,4041646.000000,4041646.000000,4360529473505
2021-04-27,4042285.500000,4132692.500000,3980517.250000,4104108.500000,4104108.500000,3687613524681
2021-04-28,4104371.000000,4180402.750000,4011338.500000,4074136.750000,4074136.750000,3567021361449
2021-04-29,4076617.750000,4095771.750000,3884173.500000,3968757.500000,3968757.500000,3415468534704
2021-04-30,3969762.000000,4290183.000000,3937224.750000,4279028.500000,4279028.500000,3882302987955
2021-05-01,4276397.000000,4330759.000000,4227317.000000,4284798.500000,4284798.500000,3173986674779
2021-05-02,4284636.500000,4290321.500000,4159862.750000,4196083.000000,4196083.000000,2828757100776
2021-05-03,4195282.500000,4365466.500000,4193109.000000,4223535.000000,4223535.000000,3818376660176
2021-05-04,4224560.500000,4224560.500000,3924418.000000,3934903.000000,3934903.000000,5058645731479
2021-05-05,3928899.500000,4271334.000000,3908011.750000,4237814.000000,4237814.000000,5109915423174
2021-05-06,4239090.500000,4302187.000000,4076498.250000,4151654.750000,4151654.750000,5117987918539
2021-05-07,4152938.500000,4294404.000000,4072324.000000,4203679.500000,4203679.500000,5015563790255
2021-05-08,4203413.000000,4358518.000000,4175741.750000,4310081.500000,4310081.500000,4792310948535
2021-05-09,4315477.000000,4339921.000000,4139905.000000,4267878.500000,4267878.500000,4830337386515
2021-05-10,4269238.500000,4365943.000000,3972143.250000,4105709.250000,4105709.250000,5275594240615
2021-05-11,4104786.250000,4172762.500000,4012453.000000,4160718.000000,4160718.000000,4498525038311
2021-05-12,4161448.750000,4256196.500000,3621502.000000,3621502.000000,3621502.000000,5542009807476
2021-05-13,3664598.500000,3777385.500000,3461574.500000,3651423.000000,3651423.000000,7103718929033
2021-05-14,3648984.000000,3768570.250000,3585600.750000,3655200.500000,3655200.500000,4084393649579
2021-05-15,3653365.750000,3710829.000000,3419506.250000,3426544.500000,3426544.500000,4335268313983
2021-05-16,3423353.250000,3643440.000000,3221594.750000,3404260.750000,3404260.750000,4693373843050
2021-05-17,3401317.750000,3416539.750000,3095333.250000,3189991.250000,3189991.250000,5488185844038
2021-05-18,3186367.750000,3345688.500000,3098751.500000,3137897.750000,3137897.750000,4108894693423
2021-05-19,3140499.250000,3184372.500000,2246731.000000,2709442.750000,2709442.750000,9252363542578
2021-05-20,2691227.000000,3103174.250000,2566530.500000,2978043.250000,2978043.250000,6446537310226
2021-05-21,2964476.500000,3079511.500000,2451190.750000,2720086.500000,2720086.500000,5982826464076
2021-05-22,2724923.500000,2831381.750000,2580015.500000,2736998.500000,2736998.500000,4183686829236
2021-05-23,2736620.500000,2791873.750000,2276954.000000,2535125.000000,2535125.000000,5721198795572
2021-05-24,2530005.250000,2904816.250000,2517616.500000,2819221.500000,2819221.500000,4906259788315
2021-05-25,2825762.250000,2897192.250000,2662253.750000,2795880.000000,2795880.000000,4092517299107
2021-05-26,2795181.000000,2964039.250000,2759740.250000,2855617.500000,2855617.500000,3731508550318
2021-05-27,2857266.500000,2931485.500000,2710549.000000,2793746.750000,2793746.750000,3140739525631
2021-05-28,2798843.000000,2824332.250000,2517783.250000,2584281.750000,2584281.750000,3996146136097
2021-05-29,2583308.250000,2695543.000000,2439228.250000,2505985.250000,2505985.250000,3274440410040
2021-05-30,2505358.250000,2635179.000000,2426690.250000,2582873.750000,2582873.750000,2290978660574
2021-05-31,2581459.500000,2715978.000000,2479116.750000,2706163.500000,2706163.500000,2827724536300